category,created,em_events,em_type,far,gw_events,gw_id,ifo,ifo_snrs,labels,links,mass1,mass2,preferred_event,preferred_event_data,q,space_coinc_far,submitter,superevent_id,t_0,t_end,t_start,time_coinc_far,H1_snr,L1_snr,name
Production,2020-08-26 19:12:56 UTC,[],,6.392341022666962e-10,"['G6981', 'G6980']",GW190929A,"H1,L1,V1","{'H1': 5.8978395, 'L1': 7.6792221, 'V1': 1.9424425}","['GDB_YES', 'PE_YES', 'DETCHAR_YES', 'NONE', 'CHUNK_22', 'O3A_CBC_CATALOG']","{'events': 'https://catalog-dev.ligo.org/api/superevents/GW190929A/events/', 'labels': 'https://catalog-dev.ligo.org/api/superevents/GW190929A/labels/', 'logs': 'https://catalog-dev.ligo.org/api/superevents/GW190929A/logs/', 'files': 'https://catalog-dev.ligo.org/api/superevents/GW190929A/files/', 'self': 'https://catalog-dev.ligo.org/api/superevents/GW190929A/', 'voevents': 'https://catalog-dev.ligo.org/api/superevents/GW190929A/voevents/', 'emobservations': 'https://catalog-dev.ligo.org/api/superevents/GW190929A/emobservations/'}",89.430656,2.8551471,G6980,"{'submitter': 'chad.hanna@LIGO.ORG', 'created': '2020-08-26 19:08:55 UTC', 'group': 'CBC', 'graceid': 'G6980', 'pipeline': 'gstlal', 'gpstime': 1253755327.498279, 'instruments': 'H1,L1,V1', 'nevents': 2, 'offline': False, 'search': 'AllSky', 'far': 6.392341022666962e-10, 'far_is_upper_limit': False, 'likelihood': -4.513540433869268, 'labels': ['O3A_CBC_CATALOG'], 'extra_attributes': {'SingleInspiral': [{'psi0': 0.0, 'Gamma0': 1988690.0, 'alpha3': 0.0, 'alpha': 0.0, 'alpha1': 0.0, 'search': '', 'chisq_dof': 1, 'tau5': 0.0, 'chi': 0.0, 'mass1': 89.430656, 'bank_chisq': 5.8978395, 'Gamma2': 0.0, 'spin1x': 0.0, 'beta': 0.0, 'spin2z': 0.013458942, 'Gamma8': 0.0, 'bank_chisq_dof': 0, 'alpha5': 0.0, 'impulse_time': 0, 'tau4': 0.0, 'Gamma1': 1385.0, 'spin1y': 0.0, 'f_final': 605.70294, 'amplitude': 0.0, 'spin2y': 0.0, 'Gamma5': 0.0, 'cont_chisq_dof': 0, 'ifo': 'H1', 'channel': 'GDS-CALIB_STRAIN_CLEAN', 'spin1z': -0.98698634, 'Gamma9': 0.0, 'Gamma4': 0.0, 'mtotal': 92.285805, 'template_duration': 13.55128319926054, 'event_duration': 0.0, 'cont_chisq': 0.0, 'coa_phase': -1.3209921, 'psi3': 0.0, 'end_time_gmst': 45434.20135544399, 'eta': 0.029980931, 'alpha4': 0.0, 'Gamma6': 0.0, 'kappa': 0.0, 'tau0': 8.3676052, 'alpha6': 0.0, 'ttotal': 0.0, 'Gamma7': 0.0, 'tau3': 3.603766, 'snr': 5.8978395, 'spin2x': 0.0, 'tau2': 0.0, 'chisq': 0.94861215, 'end_time': 1253755327, 'impulse_time_ns': 0, 'mchirp': 11.252317, 'alpha2': 0.0, 'rsqveto_duration': 0.0, 'mass2': 2.8551471, 'Gamma3': 0.0, 'end_time_ns': 497370381, 'sigmasq': 2741648.80960864}, {'psi0': 0.0, 'Gamma0': 1988690.0, 'alpha3': 0.0, 'alpha': 0.0, 'alpha1': 0.0, 'search': '', 'chisq_dof': 1, 'tau5': 0.0, 'chi': 0.0, 'mass1': 89.430656, 'bank_chisq': 7.3050852, 'Gamma2': 0.0, 'spin1x': 0.0, 'beta': 0.0, 'spin2z': 0.013458942, 'Gamma8': 0.0, 'bank_chisq_dof': 0, 'alpha5': 0.0, 'impulse_time': 0, 'tau4': 0.0, 'Gamma1': 1385.0, 'spin1y': 0.0, 'f_final': 605.70294, 'amplitude': 0.0, 'spin2y': 0.0, 'Gamma5': 0.0, 'cont_chisq_dof': 0, 'ifo': 'L1', 'channel': 'GDS-CALIB_STRAIN_CLEAN', 'spin1z': -0.98698634, 'Gamma9': 0.0, 'Gamma4': 0.0, 'mtotal': 92.285805, 'template_duration': 13.55128319926054, 'event_duration': 0.0, 'cont_chisq': 0.0, 'coa_phase': 1.3284374, 'psi3': 0.0, 'end_time_gmst': 45434.20135551025, 'eta': 0.029980931, 'alpha4': 0.0, 'Gamma6': 0.0, 'kappa': 0.0, 'tau0': 8.3676052, 'alpha6': 0.0, 'ttotal': 0.0, 'Gamma7': 0.0, 'tau3': 3.603766, 'snr': 7.6792221, 'spin2x': 0.0, 'tau2': 0.0, 'chisq': 1.1616033, 'end_time': 1253755327, 'impulse_time_ns': 0, 'mchirp': 11.252317, 'alpha2': 0.0, 'rsqveto_duration': 0.0, 'mass2': 2.8551471, 'Gamma3': 0.0, 'end_time_ns': 498279062, 'sigmasq': 5282452.509178575}, {'psi0': 0.0, 'Gamma0': 1988690.0, 'alpha3': 0.0, 'alpha': 0.0, 'alpha1': 0.0, 'search': '', 'chisq_dof': 1, 'tau5': 0.0, 'chi': 0.0, 'mass1': 89.430656, 'bank_chisq': 5.8978395, 'Gamma2': 0.0, 'spin1x': 0.0, 'beta': 0.0, 'spin2z': 0.013458942, 'Gamma8': 0.0, 'bank_chisq_dof': 0, 'alpha5': 0.0, 'impulse_time': 0, 'tau4': 0.0, 'Gamma1': 1385.0, 'spin1y': 0.0, 'f_final': 605.70294, 'amplitude': 0.0, 'spin2y': 0.0, 'Gamma5': 0.0, 'cont_chisq_dof': 0, 'ifo': 'V1', 'channel': 'Hrec_hoft_16384Hz', 'spin1z': -0.98698634, 'Gamma9': 0.0, 'Gamma4': 0.0, 'mtotal': 92.285805, 'template_duration': 13.55128319926054, 'event_duration': 0.0, 'cont_chisq': 0.0, 'coa_phase': 2.7584279, 'psi3': 0.0, 'end_time_gmst': 45434.20135364181, 'eta': 0.029980931, 'alpha4': 0.0, 'Gamma6': 0.0, 'kappa': 0.0, 'tau0': 8.3676052, 'alpha6': 0.0, 'ttotal': 0.0, 'Gamma7': 0.0, 'tau3': 3.603766, 'snr': 1.9424425, 'spin2x': 0.0, 'tau2': 0.0, 'end_time': 1253755327, 'impulse_time_ns': 0, 'mchirp': 11.252317, 'alpha2': 0.0, 'rsqveto_duration': 0.0, 'mass2': 2.8551471, 'Gamma3': 0.0, 'end_time_ns': 472656250, 'sigmasq': 2741648.80960864}]}, 'superevent': 'GW190929A', 'links': {'neighbors': 'https://catalog-dev.ligo.org/api/events/G6980/neighbors/', 'log': 'https://catalog-dev.ligo.org/api/events/G6980/log/', 'emobservations': 'https://catalog-dev.ligo.org/api/events/G6980/emobservation/', 'files': 'https://catalog-dev.ligo.org/api/events/G6980/files/', 'labels': 'https://catalog-dev.ligo.org/api/events/G6980/labels/', 'self': 'https://catalog-dev.ligo.org/api/events/G6980', 'tags': 'https://catalog-dev.ligo.org/api/events/G6980/tag/'}}",31.32260891216428,,chad.hanna@LIGO.ORG,S190929a,1253755327.0,1253755332.0,1253755322.0,,5.8978395,7.6792221,GW190929_012149
Production,2020-08-26 19:12:50 UTC,[],,5.977392069603898e-13,['G7009'],GW190910A,"L1,V1","{'L1': 13.205681, 'V1': 2.3740058}","['GDB_YES', 'PE_YES', 'DETCHAR_YES', 'PRELIM', 'CHUNK_20', 'O3A_CBC_CATALOG']","{'events': 'https://catalog-dev.ligo.org/api/superevents/GW190910A/events/', 'labels': 'https://catalog-dev.ligo.org/api/superevents/GW190910A/labels/', 'logs': 'https://catalog-dev.ligo.org/api/superevents/GW190910A/logs/', 'files': 'https://catalog-dev.ligo.org/api/superevents/GW190910A/files/', 'self': 'https://catalog-dev.ligo.org/api/superevents/GW190910A/', 'voevents': 'https://catalog-dev.ligo.org/api/superevents/GW190910A/voevents/', 'emobservations': 'https://catalog-dev.ligo.org/api/superevents/GW190910A/emobservations/'}",65.832069,30.93593,G7009,"{'submitter': 'chad.hanna@LIGO.ORG', 'created': '2020-08-26 19:09:47 UTC', 'group': 'CBC', 'graceid': 'G7009', 'pipeline': 'gstlal', 'gpstime': 1252150105.324095, 'instruments': 'L1,V1', 'nevents': 1, 'offline': False, 'search': 'AllSky', 'far': 5.977392069603898e-13, 'far_is_upper_limit': False, 'likelihood': 2.06756247051359, 'labels': ['O3A_CBC_CATALOG'], 'extra_attributes': {'SingleInspiral': [{'psi0': 0.0, 'Gamma0': 9082443.0, 'alpha3': 0.0, 'alpha': 0.0, 'alpha1': 0.0, 'search': '', 'chisq_dof': 1, 'tau5': 0.0, 'chi': 0.0, 'mass1': 65.832069, 'bank_chisq': 12.480777, 'Gamma2': 0.0, 'spin1x': 0.0, 'beta': 0.0, 'spin2z': 0.65405172, 'Gamma8': 0.0, 'bank_chisq_dof': 0, 'alpha5': 0.0, 'impulse_time': 0, 'tau4': 0.0, 'Gamma1': 523.0, 'spin1y': 0.0, 'f_final': 427.59351, 'amplitude': 0.0, 'spin2y': 0.0, 'Gamma5': 0.0, 'cont_chisq_dof': 0, 'ifo': 'L1', 'channel': 'GDS-CALIB_STRAIN_CLEAN', 'spin1z': -0.28813231, 'Gamma9': 0.0, 'Gamma4': 0.0, 'mtotal': 96.767998, 'template_duration': 1.836501620097922, 'event_duration': 0.0, 'cont_chisq': 0.0, 'coa_phase': 1.3804702, 'psi3': 0.0, 'end_time_gmst': 45317.14669483147, 'eta': 0.21748893, 'alpha4': 0.0, 'Gamma6': 0.0, 'kappa': 0.0, 'tau0': 1.0658129, 'alpha6': 0.0, 'ttotal': 0.0, 'Gamma7': 0.0, 'tau3': 0.48131934, 'snr': 13.205681, 'spin2x': 0.0, 'tau2': 0.0, 'chisq': 1.1822193, 'end_time': 1252150105, 'impulse_time_ns': 0, 'mchirp': 38.743073, 'alpha2': 0.0, 'rsqveto_duration': 0.0, 'mass2': 30.93593, 'Gamma3': 0.0, 'end_time_ns': 324095047, 'sigmasq': 1037314353.592237}, {'psi0': 0.0, 'Gamma0': 9082443.0, 'alpha3': 0.0, 'alpha': 0.0, 'alpha1': 0.0, 'search': '', 'chisq_dof': 1, 'tau5': 0.0, 'chi': 0.0, 'mass1': 65.832069, 'bank_chisq': 12.480777, 'Gamma2': 0.0, 'spin1x': 0.0, 'beta': 0.0, 'spin2z': 0.65405172, 'Gamma8': 0.0, 'bank_chisq_dof': 0, 'alpha5': 0.0, 'impulse_time': 0, 'tau4': 0.0, 'Gamma1': 523.0, 'spin1y': 0.0, 'f_final': 427.59351, 'amplitude': 0.0, 'spin2y': 0.0, 'Gamma5': 0.0, 'cont_chisq_dof': 0, 'ifo': 'V1', 'channel': 'Hrec_hoft_16384Hz', 'spin1z': -0.28813231, 'Gamma9': 0.0, 'Gamma4': 0.0, 'mtotal': 96.767998, 'template_duration': 1.836501620097922, 'event_duration': 0.0, 'cont_chisq': 0.0, 'coa_phase': 0.66618254, 'psi3': 0.0, 'end_time_gmst': 45317.14669676322, 'eta': 0.21748893, 'alpha4': 0.0, 'Gamma6': 0.0, 'kappa': 0.0, 'tau0': 1.0658129, 'alpha6': 0.0, 'ttotal': 0.0, 'Gamma7': 0.0, 'tau3': 0.48131934, 'snr': 2.3740058, 'spin2x': 0.0, 'tau2': 0.0, 'end_time': 1252150105, 'impulse_time_ns': 0, 'mchirp': 38.743073, 'alpha2': 0.0, 'rsqveto_duration': 0.0, 'mass2': 30.93593, 'Gamma3': 0.0, 'end_time_ns': 350585938, 'sigmasq': 1037314353.592237}]}, 'superevent': 'GW190910A', 'links': {'neighbors': 'https://catalog-dev.ligo.org/api/events/G7009/neighbors/', 'log': 'https://catalog-dev.ligo.org/api/events/G7009/log/', 'emobservations': 'https://catalog-dev.ligo.org/api/events/G7009/emobservation/', 'files': 'https://catalog-dev.ligo.org/api/events/G7009/files/', 'labels': 'https://catalog-dev.ligo.org/api/events/G7009/labels/', 'self': 'https://catalog-dev.ligo.org/api/events/G7009', 'tags': 'https://catalog-dev.ligo.org/api/events/G7009/tag/'}}",2.1280132519048243,,chad.hanna@LIGO.ORG,S190910a,1252150105.0,1252150110.0,1252150100.0,,-1.0,13.205681,GW190910_112807
Production,2020-08-26 19:12:48 UTC,[],,3.523232914402814e-08,['G6950'],GW190909A,"H1,L1","{'H1': 5.594316, 'L1': 6.4565692}","['GDB_YES', 'PE_YES', 'DETCHAR_YES', 'NONE', 'CHUNK_20', 'O3A_CBC_CATALOG']","{'events': 'https://catalog-dev.ligo.org/api/superevents/GW190909A/events/', 'labels': 'https://catalog-dev.ligo.org/api/superevents/GW190909A/labels/', 'logs': 'https://catalog-dev.ligo.org/api/superevents/GW190909A/logs/', 'files': 'https://catalog-dev.ligo.org/api/superevents/GW190909A/files/', 'self': 'https://catalog-dev.ligo.org/api/superevents/GW190909A/', 'voevents': 'https://catalog-dev.ligo.org/api/superevents/GW190909A/voevents/', 'emobservations': 'https://catalog-dev.ligo.org/api/superevents/GW190909A/emobservations/'}",64.192192,1.9467793,G6950,"{'submitter': 'chad.hanna@LIGO.ORG', 'created': '2020-08-26 19:08:01 UTC', 'group': 'CBC', 'graceid': 'G6950', 'pipeline': 'gstlal', 'gpstime': 1252064527.707247, 'instruments': 'H1,L1', 'nevents': 2, 'offline': False, 'search': 'AllSky', 'far': 3.523232914402814e-08, 'far_is_upper_limit': False, 'likelihood': -8.21857547793939, 'labels': ['O3A_CBC_CATALOG'], 'extra_attributes': {'SingleInspiral': [{'psi0': 0.0, 'Gamma0': 5975003.0, 'alpha3': 0.0, 'alpha': 0.0, 'alpha1': 0.0, 'search': '', 'chisq_dof': 1, 'tau5': 0.0, 'chi': 0.0, 'mass1': 64.192192, 'bank_chisq': 5.3137379, 'Gamma2': 0.0, 'spin1x': 0.0, 'beta': 0.0, 'spin2z': -0.032936346, 'Gamma8': 0.0, 'bank_chisq_dof': 0, 'alpha5': 0.0, 'impulse_time': 0, 'tau4': 0.0, 'Gamma1': 1385.0, 'spin1y': 0.0, 'f_final': 678.6463, 'amplitude': 0.0, 'spin2y': 0.0, 'Gamma5': 0.0, 'cont_chisq_dof': 0, 'ifo': 'H1', 'channel': 'GDS-CALIB_STRAIN_CLEAN', 'spin1z': -0.86512178, 'Gamma9': 0.0, 'Gamma4': 0.0, 'mtotal': 66.138969, 'template_duration': 21.73184342083417, 'event_duration': 0.0, 'cont_chisq': 0.0, 'coa_phase': -2.8715267, 'psi3': 0.0, 'end_time_gmst': 45310.90627576167, 'eta': 0.028568277, 'alpha4': 0.0, 'Gamma6': 0.0, 'kappa': 0.0, 'tau0': 15.299998, 'alpha6': 0.0, 'ttotal': 0.0, 'Gamma7': 0.0, 'tau3': 4.7224712, 'snr': 5.594316, 'spin2x': 0.0, 'tau2': 0.0, 'chisq': 1.166384, 'end_time': 1252064527, 'impulse_time_ns': 0, 'mchirp': 7.8340774, 'alpha2': 0.0, 'rsqveto_duration': 0.0, 'mass2': 1.9467793, 'Gamma3': 0.0, 'end_time_ns': 705827859, 'sigmasq': 5523951.275660861}, {'psi0': 0.0, 'Gamma0': 5975003.0, 'alpha3': 0.0, 'alpha': 0.0, 'alpha1': 0.0, 'search': '', 'chisq_dof': 1, 'tau5': 0.0, 'chi': 0.0, 'mass1': 64.192192, 'bank_chisq': 6.4565692, 'Gamma2': 0.0, 'spin1x': 0.0, 'beta': 0.0, 'spin2z': -0.032936346, 'Gamma8': 0.0, 'bank_chisq_dof': 0, 'alpha5': 0.0, 'impulse_time': 0, 'tau4': 0.0, 'Gamma1': 1385.0, 'spin1y': 0.0, 'f_final': 678.6463, 'amplitude': 0.0, 'spin2y': 0.0, 'Gamma5': 0.0, 'cont_chisq_dof': 0, 'ifo': 'L1', 'channel': 'GDS-CALIB_STRAIN_CLEAN', 'spin1z': -0.86512178, 'Gamma9': 0.0, 'Gamma4': 0.0, 'mtotal': 66.138969, 'template_duration': 21.73184342083417, 'event_duration': 0.0, 'cont_chisq': 0.0, 'coa_phase': 0.7922734, 'psi3': 0.0, 'end_time_gmst': 45310.90627586519, 'eta': 0.028568277, 'alpha4': 0.0, 'Gamma6': 0.0, 'kappa': 0.0, 'tau0': 15.299998, 'alpha6': 0.0, 'ttotal': 0.0, 'Gamma7': 0.0, 'tau3': 4.7224712, 'snr': 6.4565692, 'spin2x': 0.0, 'tau2': 0.0, 'chisq': 0.6824823, 'end_time': 1252064527, 'impulse_time_ns': 0, 'mchirp': 7.8340774, 'alpha2': 0.0, 'rsqveto_duration': 0.0, 'mass2': 1.9467793, 'Gamma3': 0.0, 'end_time_ns': 707247414, 'sigmasq': 10659154.57247575}]}, 'superevent': 'GW190909A', 'links': {'neighbors': 'https://catalog-dev.ligo.org/api/events/G6950/neighbors/', 'log': 'https://catalog-dev.ligo.org/api/events/G6950/log/', 'emobservations': 'https://catalog-dev.ligo.org/api/events/G6950/emobservation/', 'files': 'https://catalog-dev.ligo.org/api/events/G6950/files/', 'labels': 'https://catalog-dev.ligo.org/api/events/G6950/labels/', 'self': 'https://catalog-dev.ligo.org/api/events/G6950', 'tags': 'https://catalog-dev.ligo.org/api/events/G6950/tag/'}}",32.97353326080671,,chad.hanna@LIGO.ORG,S190909a,1252064527.0,1252064532.0,1252064522.0,,5.594316,6.4565692,GW190909_114149
Production,2020-08-26 19:12:39 UTC,[],,8.539732799757625e-10,"['G6939', 'G6938']",GW190803A,"H1,L1","{'H1': 5.5600185, 'L1': 6.5798187}","['GDB_YES', 'PE_YES', 'DETCHAR_YES', 'PRELIM', 'CHUNK_15', 'O3A_CBC_CATALOG']","{'events': 'https://catalog-dev.ligo.org/api/superevents/GW190803A/events/', 'labels': 'https://catalog-dev.ligo.org/api/superevents/GW190803A/labels/', 'logs': 'https://catalog-dev.ligo.org/api/superevents/GW190803A/logs/', 'files': 'https://catalog-dev.ligo.org/api/superevents/GW190803A/files/', 'self': 'https://catalog-dev.ligo.org/api/superevents/GW190803A/', 'voevents': 'https://catalog-dev.ligo.org/api/superevents/GW190803A/voevents/', 'emobservations': 'https://catalog-dev.ligo.org/api/superevents/GW190803A/emobservations/'}",59.463772,36.77943,G6939,"{'submitter': 'chad.hanna@LIGO.ORG', 'created': '2020-08-26 19:07:40 UTC', 'group': 'CBC', 'graceid': 'G6939', 'pipeline': 'pycbc', 'gpstime': 1248834439.87793, 'instruments': 'H1,L1', 'nevents': 2, 'offline': False, 'search': 'HighMass', 'far': 8.539732799757626e-10, 'far_is_upper_limit': False, 'likelihood': 17.96549606323242, 'labels': ['O3A_CBC_CATALOG'], 'extra_attributes': {'SingleInspiral': [{'psi0': 0.0, 'Gamma0': 0.0, 'alpha3': 0.0, 'alpha': 0.0, 'alpha1': 0.0, 'search': '', 'chisq_dof': 20, 'tau5': 0.0, 'chi': 0.0, 'mass1': 59.463772, 'bank_chisq': 0.0, 'Gamma2': 0.0, 'spin1x': 0.0, 'beta': 0.0, 'spin2z': -0.048227988, 'Gamma8': 0.0, 'bank_chisq_dof': 0, 'alpha5': 0.0, 'impulse_time': 0, 'tau4': 0.0, 'Gamma1': 0.0, 'spin1y': 0.0, 'f_final': 0.0, 'amplitude': 0.0, 'spin2y': 0.0, 'Gamma5': 0.0, 'cont_chisq_dof': 0, 'ifo': 'H1', 'channel': '', 'spin1z': -0.048227988, 'Gamma9': 0.0, 'Gamma4': 0.0, 'mtotal': 96.243202, 'template_duration': 0.2040093839168549, 'eff_distance': 4803.9015, 'event_duration': 0.0, 'cont_chisq': 0.0, 'coa_phase': 0.14479037, 'psi3': 0.0, 'end_time_gmst': 0.0, 'eta': 0.2361116, 'alpha4': 0.0, 'Gamma6': 0.0, 'kappa': 0.0, 'tau0': 0.0, 'alpha6': 0.0, 'ttotal': 0.0, 'Gamma7': 0.0, 'tau3': 0.0, 'snr': 5.5600185, 'spin2x': 0.0, 'tau2': 0.0, 'chisq': 31.584101, 'end_time': 1248834439, 'impulse_time_ns': 0, 'mchirp': 40.479996, 'alpha2': 0.0, 'rsqveto_duration': 0.0, 'mass2': 36.77943, 'Gamma3': 0.0, 'end_time_ns': 877929688, 'sigmasq': 713412416.0}, {'psi0': 0.0, 'Gamma0': 0.0, 'alpha3': 0.0, 'alpha': 0.0, 'alpha1': 0.0, 'search': '', 'chisq_dof': 20, 'tau5': 0.0, 'chi': 0.0, 'mass1': 59.463772, 'bank_chisq': 0.0, 'Gamma2': 0.0, 'spin1x': 0.0, 'beta': 0.0, 'spin2z': -0.048227988, 'Gamma8': 0.0, 'bank_chisq_dof': 0, 'alpha5': 0.0, 'impulse_time': 0, 'tau4': 0.0, 'Gamma1': 0.0, 'spin1y': 0.0, 'f_final': 0.0, 'amplitude': 0.0, 'spin2y': 0.0, 'Gamma5': 0.0, 'cont_chisq_dof': 0, 'ifo': 'L1', 'channel': '', 'spin1z': -0.048227988, 'Gamma9': 0.0, 'Gamma4': 0.0, 'mtotal': 96.243202, 'template_duration': 0.2040093839168549, 'eff_distance': 5057.4303, 'event_duration': 0.0, 'cont_chisq': 0.0, 'coa_phase': -2.870482, 'psi3': 0.0, 'end_time_gmst': 0.0, 'eta': 0.2361116, 'alpha4': 0.0, 'Gamma6': 0.0, 'kappa': 0.0, 'tau0': 0.0, 'alpha6': 0.0, 'ttotal': 0.0, 'Gamma7': 0.0, 'tau3': 0.0, 'snr': 6.5798187, 'spin2x': 0.0, 'tau2': 0.0, 'chisq': 29.282251, 'end_time': 1248834439, 'impulse_time_ns': 0, 'mchirp': 40.479996, 'alpha2': 0.0, 'rsqveto_duration': 0.0, 'mass2': 36.77943, 'Gamma3': 0.0, 'end_time_ns': 884765625, 'sigmasq': 1107357056.0}]}, 'superevent': 'GW190803A', 'links': {'neighbors': 'https://catalog-dev.ligo.org/api/events/G6939/neighbors/', 'log': 'https://catalog-dev.ligo.org/api/events/G6939/log/', 'emobservations': 'https://catalog-dev.ligo.org/api/events/G6939/emobservation/', 'files': 'https://catalog-dev.ligo.org/api/events/G6939/files/', 'labels': 'https://catalog-dev.ligo.org/api/events/G6939/labels/', 'self': 'https://catalog-dev.ligo.org/api/events/G6939', 'tags': 'https://catalog-dev.ligo.org/api/events/G6939/tag/'}}",1.6167670896476645,,chad.hanna@LIGO.ORG,S190803a,1248834439.0,1248834444.0,1248834434.0,,5.5600185,6.5798187,GW190803_022701
Production,2020-08-26 19:12:37 UTC,[],,6.5263831045871265e-09,"['G6967', 'G6966']",GW190731A,"H1,L1","{'H1': 5.7238741, 'L1': 6.2298751}","['GDB_YES', 'PE_YES', 'DETCHAR_YES', 'NONE', 'CHUNK_15', 'O3A_CBC_CATALOG']","{'events': 'https://catalog-dev.ligo.org/api/superevents/GW190731A/events/', 'labels': 'https://catalog-dev.ligo.org/api/superevents/GW190731A/labels/', 'logs': 'https://catalog-dev.ligo.org/api/superevents/GW190731A/logs/', 'files': 'https://catalog-dev.ligo.org/api/superevents/GW190731A/files/', 'self': 'https://catalog-dev.ligo.org/api/superevents/GW190731A/', 'voevents': 'https://catalog-dev.ligo.org/api/superevents/GW190731A/voevents/', 'emobservations': 'https://catalog-dev.ligo.org/api/superevents/GW190731A/emobservations/'}",58.72118,17.712158,G6966,"{'submitter': 'chad.hanna@LIGO.ORG', 'created': '2020-08-26 19:08:30 UTC', 'group': 'CBC', 'graceid': 'G6966', 'pipeline': 'gstlal', 'gpstime': 1248617394.632305, 'instruments': 'H1,L1', 'nevents': 2, 'offline': False, 'search': 'AllSky', 'far': 6.526383104587126e-09, 'far_is_upper_limit': False, 'likelihood': -6.667139779177378, 'labels': ['O3A_CBC_CATALOG'], 'extra_attributes': {'SingleInspiral': [{'psi0': 0.0, 'Gamma0': 9521838.0, 'alpha3': 0.0, 'alpha': 0.0, 'alpha1': 0.0, 'search': '', 'chisq_dof': 1, 'tau5': 0.0, 'chi': 0.0, 'mass1': 58.72118, 'bank_chisq': 5.7238741, 'Gamma2': 0.0, 'spin1x': 0.0, 'beta': 0.0, 'spin2z': 0.085534334, 'Gamma8': 0.0, 'bank_chisq_dof': 0, 'alpha5': 0.0, 'impulse_time': 0, 'tau4': 0.0, 'Gamma1': 513.0, 'spin1y': 0.0, 'f_final': 549.92633, 'amplitude': 0.0, 'spin2y': 0.0, 'Gamma5': 0.0, 'cont_chisq_dof': 0, 'ifo': 'H1', 'channel': 'GDS-CALIB_STRAIN_CLEAN', 'spin1z': -0.69795609, 'Gamma9': 0.0, 'Gamma4': 0.0, 'mtotal': 76.433334, 'template_duration': 2.960861394125021, 'event_duration': 0.0, 'cont_chisq': 0.0, 'coa_phase': 2.0376422, 'psi3': 0.0, 'end_time_gmst': 45059.53733882061, 'eta': 0.17803304, 'alpha4': 0.0, 'Gamma6': 0.0, 'kappa': 0.0, 'tau0': 1.9291492, 'alpha6': 0.0, 'ttotal': 0.0, 'Gamma7': 0.0, 'tau3': 0.68812788, 'snr': 5.7238741, 'spin2x': 0.0, 'tau2': 0.0, 'chisq': 0.68234581, 'end_time': 1248617394, 'impulse_time_ns': 0, 'mchirp': 27.138334, 'alpha2': 0.0, 'rsqveto_duration': 0.0, 'mass2': 17.712158, 'Gamma3': 0.0, 'end_time_ns': 638762679, 'sigmasq': 217099908.1665945}, {'psi0': 0.0, 'Gamma0': 9521838.0, 'alpha3': 0.0, 'alpha': 0.0, 'alpha1': 0.0, 'search': '', 'chisq_dof': 1, 'tau5': 0.0, 'chi': 0.0, 'mass1': 58.72118, 'bank_chisq': 6.2298751, 'Gamma2': 0.0, 'spin1x': 0.0, 'beta': 0.0, 'spin2z': 0.085534334, 'Gamma8': 0.0, 'bank_chisq_dof': 0, 'alpha5': 0.0, 'impulse_time': 0, 'tau4': 0.0, 'Gamma1': 513.0, 'spin1y': 0.0, 'f_final': 549.92633, 'amplitude': 0.0, 'spin2y': 0.0, 'Gamma5': 0.0, 'cont_chisq_dof': 0, 'ifo': 'L1', 'channel': 'GDS-CALIB_STRAIN_CLEAN', 'spin1z': -0.69795609, 'Gamma9': 0.0, 'Gamma4': 0.0, 'mtotal': 76.433334, 'template_duration': 2.960861394125021, 'event_duration': 0.0, 'cont_chisq': 0.0, 'coa_phase': -0.48512864, 'psi3': 0.0, 'end_time_gmst': 45059.53733834971, 'eta': 0.17803304, 'alpha4': 0.0, 'Gamma6': 0.0, 'kappa': 0.0, 'tau0': 1.9291492, 'alpha6': 0.0, 'ttotal': 0.0, 'Gamma7': 0.0, 'tau3': 0.68812788, 'snr': 6.2298751, 'spin2x': 0.0, 'tau2': 0.0, 'chisq': 0.7233808, 'end_time': 1248617394, 'impulse_time_ns': 0, 'mchirp': 27.138334, 'alpha2': 0.0, 'rsqveto_duration': 0.0, 'mass2': 17.712158, 'Gamma3': 0.0, 'end_time_ns': 632304979, 'sigmasq': 342575734.0266488}]}, 'superevent': 'GW190731A', 'links': {'neighbors': 'https://catalog-dev.ligo.org/api/events/G6966/neighbors/', 'log': 'https://catalog-dev.ligo.org/api/events/G6966/log/', 'emobservations': 'https://catalog-dev.ligo.org/api/events/G6966/emobservation/', 'files': 'https://catalog-dev.ligo.org/api/events/G6966/files/', 'labels': 'https://catalog-dev.ligo.org/api/events/G6966/labels/', 'self': 'https://catalog-dev.ligo.org/api/events/G6966', 'tags': 'https://catalog-dev.ligo.org/api/events/G6966/tag/'}}",3.3153035333131062,,chad.hanna@LIGO.ORG,S190731a,1248617394.0,1248617399.0,1248617389.0,,5.7238741,6.2298751,GW190731_140936
Production,2020-08-26 19:12:28 UTC,[],,4.9436338897535674e-08,['G6992'],GW190719A,"H1,L1","{'H1': 6.1343222, 'L1': 5.1256852}","['GDB_YES', 'PE_YES', 'DETCHAR_YES', 'PRELIM', 'CHUNK_13', 'O3A_CBC_CATALOG']","{'events': 'https://catalog-dev.ligo.org/api/superevents/GW190719A/events/', 'labels': 'https://catalog-dev.ligo.org/api/superevents/GW190719A/labels/', 'logs': 'https://catalog-dev.ligo.org/api/superevents/GW190719A/logs/', 'files': 'https://catalog-dev.ligo.org/api/superevents/GW190719A/files/', 'self': 'https://catalog-dev.ligo.org/api/superevents/GW190719A/', 'voevents': 'https://catalog-dev.ligo.org/api/superevents/GW190719A/voevents/', 'emobservations': 'https://catalog-dev.ligo.org/api/superevents/GW190719A/emobservations/'}",73.333527,41.595867,G6992,"{'submitter': 'chad.hanna@LIGO.ORG', 'created': '2020-08-26 19:09:17 UTC', 'group': 'CBC', 'graceid': 'G6992', 'pipeline': 'pycbc', 'gpstime': 1247608532.930664, 'instruments': 'H1,L1', 'nevents': 2, 'offline': False, 'search': 'HighMass', 'far': 4.943633889753567e-08, 'far_is_upper_limit': False, 'likelihood': 14.64466381072998, 'labels': ['O3A_CBC_CATALOG'], 'extra_attributes': {'SingleInspiral': [{'psi0': 0.0, 'Gamma0': 0.0, 'alpha3': 0.0, 'alpha': 0.0, 'alpha1': 0.0, 'search': '', 'chisq_dof': 20, 'tau5': 0.0, 'chi': 0.0, 'mass1': 73.333527, 'bank_chisq': 0.0, 'Gamma2': 0.0, 'spin1x': 0.0, 'beta': 0.0, 'spin2z': 0.68915558, 'Gamma8': 0.0, 'bank_chisq_dof': 0, 'alpha5': 0.0, 'impulse_time': 0, 'tau4': 0.0, 'Gamma1': 0.0, 'spin1y': 0.0, 'f_final': 0.0, 'amplitude': 0.0, 'spin2y': 0.0, 'Gamma5': 0.0, 'cont_chisq_dof': 0, 'ifo': 'H1', 'channel': '', 'spin1z': 0.68915558, 'Gamma9': 0.0, 'Gamma4': 0.0, 'mtotal': 114.9294, 'template_duration': 0.2333884537220001, 'eff_distance': 6574.8887, 'event_duration': 0.0, 'cont_chisq': 0.0, 'coa_phase': 1.7847675, 'psi3': 0.0, 'end_time_gmst': 0.0, 'eta': 0.23093539, 'alpha4': 0.0, 'Gamma6': 0.0, 'kappa': 0.0, 'tau0': 0.0, 'alpha6': 0.0, 'ttotal': 0.0, 'Gamma7': 0.0, 'tau3': 0.0, 'snr': 6.1343222, 'spin2x': 0.0, 'tau2': 0.0, 'chisq': 38.405075, 'end_time': 1247608532, 'impulse_time_ns': 0, 'mchirp': 47.700774, 'alpha2': 0.0, 'rsqveto_duration': 0.0, 'mass2': 41.595867, 'Gamma3': 0.0, 'end_time_ns': 930664062, 'sigmasq': 1626709376.0}, {'psi0': 0.0, 'Gamma0': 0.0, 'alpha3': 0.0, 'alpha': 0.0, 'alpha1': 0.0, 'search': '', 'chisq_dof': -49, 'tau5': 0.0, 'chi': 0.0, 'mass1': 73.333527, 'bank_chisq': 0.0, 'Gamma2': 0.0, 'spin1x': 0.0, 'beta': 0.0, 'spin2z': 0.68915558, 'Gamma8': 0.0, 'bank_chisq_dof': 0, 'alpha5': 0.0, 'impulse_time': 0, 'tau4': 0.0, 'Gamma1': 0.0, 'spin1y': 0.0, 'f_final': 0.0, 'amplitude': 0.0, 'spin2y': 0.0, 'Gamma5': 0.0, 'cont_chisq_dof': 0, 'ifo': 'L1', 'channel': '', 'spin1z': 0.68915558, 'Gamma9': 0.0, 'Gamma4': 0.0, 'mtotal': 114.9294, 'template_duration': 0.2333884537220001, 'eff_distance': 9419.8754, 'event_duration': 0.0, 'cont_chisq': 0.0, 'coa_phase': -1.6844066, 'psi3': 0.0, 'end_time_gmst': 0.0, 'eta': 0.23093539, 'alpha4': 0.0, 'Gamma6': 0.0, 'kappa': 0.0, 'tau0': 0.0, 'alpha6': 0.0, 'ttotal': 0.0, 'Gamma7': 0.0, 'tau3': 0.0, 'snr': 5.1256852, 'spin2x': 0.0, 'tau2': 0.0, 'chisq': 0.0, 'end_time': 1247608532, 'impulse_time_ns': 0, 'mchirp': 47.700774, 'alpha2': 0.0, 'rsqveto_duration': 0.0, 'mass2': 41.595867, 'Gamma3': 0.0, 'end_time_ns': 931152344, 'sigmasq': 2331278592.0}]}, 'superevent': 'GW190719A', 'links': {'neighbors': 'https://catalog-dev.ligo.org/api/events/G6992/neighbors/', 'log': 'https://catalog-dev.ligo.org/api/events/G6992/log/', 'emobservations': 'https://catalog-dev.ligo.org/api/events/G6992/emobservation/', 'files': 'https://catalog-dev.ligo.org/api/events/G6992/files/', 'labels': 'https://catalog-dev.ligo.org/api/events/G6992/labels/', 'self': 'https://catalog-dev.ligo.org/api/events/G6992', 'tags': 'https://catalog-dev.ligo.org/api/events/G6992/tag/'}}",1.7630003240466177,,chad.hanna@LIGO.ORG,S190719a,1247608532.0,1247608537.0,1247608527.0,,6.1343222,5.1256852,GW190719_215514
Production,2020-08-26 19:12:26 UTC,[],,8.957674814460583e-13,['G7014'],GW190708A,"L1,V1","{'L1': 12.808392, 'V1': 2.6084492}","['GDB_YES', 'PE_YES', 'DETCHAR_YES', 'PRELIM', 'CHUNK_12', 'O3A_CBC_CATALOG']","{'events': 'https://catalog-dev.ligo.org/api/superevents/GW190708A/events/', 'labels': 'https://catalog-dev.ligo.org/api/superevents/GW190708A/labels/', 'logs': 'https://catalog-dev.ligo.org/api/superevents/GW190708A/logs/', 'files': 'https://catalog-dev.ligo.org/api/superevents/GW190708A/files/', 'self': 'https://catalog-dev.ligo.org/api/superevents/GW190708A/', 'voevents': 'https://catalog-dev.ligo.org/api/superevents/GW190708A/voevents/', 'emobservations': 'https://catalog-dev.ligo.org/api/superevents/GW190708A/emobservations/'}",20.718113,15.110175,G7014,"{'submitter': 'chad.hanna@LIGO.ORG', 'created': '2020-08-26 19:09:56 UTC', 'group': 'CBC', 'graceid': 'G7014', 'pipeline': 'gstlal', 'gpstime': 1246663515.384231, 'instruments': 'L1,V1', 'nevents': 1, 'offline': False, 'search': 'AllSky', 'far': 8.957674814460582e-13, 'far_is_upper_limit': False, 'likelihood': 1.658050662393759, 'labels': ['O3A_CBC_CATALOG'], 'extra_attributes': {'SingleInspiral': [{'psi0': 0.0, 'Gamma0': 9028329.0, 'alpha3': 0.0, 'alpha': 0.0, 'alpha1': 0.0, 'search': '', 'chisq_dof': 1, 'tau5': 0.0, 'chi': 0.0, 'mass1': 20.718113, 'bank_chisq': 12.808392, 'Gamma2': 0.0, 'spin1x': 0.0, 'beta': 0.0, 'spin2z': -0.85701853, 'Gamma8': 0.0, 'bank_chisq_dof': 0, 'alpha5': 0.0, 'impulse_time': 0, 'tau4': 0.0, 'Gamma1': 520.0, 'spin1y': 0.0, 'f_final': 1024.0, 'amplitude': 0.0, 'spin2y': 0.0, 'Gamma5': 0.0, 'cont_chisq_dof': 0, 'ifo': 'L1', 'channel': 'GDS-CALIB_STRAIN_CLEAN', 'spin1z': 0.54607457, 'Gamma9': 0.0, 'Gamma4': 0.0, 'mtotal': 35.828289, 'template_duration': 6.437719677903024, 'event_duration': 0.0, 'cont_chisq': 0.0, 'coa_phase': -1.825685, 'psi3': 0.0, 'end_time_gmst': 44917.05819990522, 'eta': 0.24387516, 'alpha4': 0.0, 'Gamma6': 0.0, 'kappa': 0.0, 'tau0': 4.9788241, 'alpha6': 0.0, 'ttotal': 0.0, 'Gamma7': 0.0, 'tau3': 0.83247912, 'snr': 12.808392, 'spin2x': 0.0, 'tau2': 0.0, 'chisq': 0.94304943, 'end_time': 1246663515, 'impulse_time_ns': 0, 'mchirp': 15.364789, 'alpha2': 0.0, 'rsqveto_duration': 0.0, 'mass2': 15.110175, 'Gamma3': 0.0, 'end_time_ns': 384230664, 'sigmasq': 288923285.0057811}, {'psi0': 0.0, 'Gamma0': 9028329.0, 'alpha3': 0.0, 'alpha': 0.0, 'alpha1': 0.0, 'search': '', 'chisq_dof': 1, 'tau5': 0.0, 'chi': 0.0, 'mass1': 20.718113, 'bank_chisq': 12.808392, 'Gamma2': 0.0, 'spin1x': 0.0, 'beta': 0.0, 'spin2z': -0.85701853, 'Gamma8': 0.0, 'bank_chisq_dof': 0, 'alpha5': 0.0, 'impulse_time': 0, 'tau4': 0.0, 'Gamma1': 520.0, 'spin1y': 0.0, 'f_final': 1024.0, 'amplitude': 0.0, 'spin2y': 0.0, 'Gamma5': 0.0, 'cont_chisq_dof': 0, 'ifo': 'V1', 'channel': 'Hrec_hoft_16384Hz', 'spin1z': 0.54607457, 'Gamma9': 0.0, 'Gamma4': 0.0, 'mtotal': 35.828289, 'template_duration': 6.437719677903024, 'event_duration': 0.0, 'cont_chisq': 0.0, 'coa_phase': 1.0990578, 'psi3': 0.0, 'end_time_gmst': 44917.05819997983, 'eta': 0.24387516, 'alpha4': 0.0, 'Gamma6': 0.0, 'kappa': 0.0, 'tau0': 4.9788241, 'alpha6': 0.0, 'ttotal': 0.0, 'Gamma7': 0.0, 'tau3': 0.83247912, 'snr': 2.6084492, 'spin2x': 0.0, 'tau2': 0.0, 'end_time': 1246663515, 'impulse_time_ns': 0, 'mchirp': 15.364789, 'alpha2': 0.0, 'rsqveto_duration': 0.0, 'mass2': 15.110175, 'Gamma3': 0.0, 'end_time_ns': 385253906, 'sigmasq': 288923285.0057811}]}, 'superevent': 'GW190708A', 'links': {'neighbors': 'https://catalog-dev.ligo.org/api/events/G7014/neighbors/', 'log': 'https://catalog-dev.ligo.org/api/events/G7014/log/', 'emobservations': 'https://catalog-dev.ligo.org/api/events/G7014/emobservation/', 'files': 'https://catalog-dev.ligo.org/api/events/G7014/files/', 'labels': 'https://catalog-dev.ligo.org/api/events/G7014/labels/', 'self': 'https://catalog-dev.ligo.org/api/events/G7014', 'tags': 'https://catalog-dev.ligo.org/api/events/G7014/tag/'}}",1.371136535480231,,chad.hanna@LIGO.ORG,S190708a,1246663515.0,1246663520.0,1246663510.0,,-1.0,12.808392,GW190708_232457
Production,2020-08-26 19:12:15 UTC,[],,9.261060154191494e-11,['G6986'],GW190620A,"L1,V1","{'L1': 10.644473, 'V1': 2.430644}","['GDB_YES', 'PE_YES', 'DETCHAR_YES', 'PRELIM', 'CHUNK_10', 'O3A_CBC_CATALOG']","{'events': 'https://catalog-dev.ligo.org/api/superevents/GW190620A/events/', 'labels': 'https://catalog-dev.ligo.org/api/superevents/GW190620A/labels/', 'logs': 'https://catalog-dev.ligo.org/api/superevents/GW190620A/logs/', 'files': 'https://catalog-dev.ligo.org/api/superevents/GW190620A/files/', 'self': 'https://catalog-dev.ligo.org/api/superevents/GW190620A/', 'voevents': 'https://catalog-dev.ligo.org/api/superevents/GW190620A/voevents/', 'emobservations': 'https://catalog-dev.ligo.org/api/superevents/GW190620A/emobservations/'}",74.641754,11.814133,G6986,"{'submitter': 'chad.hanna@LIGO.ORG', 'created': '2020-08-26 19:09:06 UTC', 'group': 'CBC', 'graceid': 'G6986', 'pipeline': 'gstlal', 'gpstime': 1245035079.311435, 'instruments': 'L1,V1', 'nevents': 1, 'offline': False, 'search': 'AllSky', 'far': 9.261060154191494e-11, 'far_is_upper_limit': False, 'likelihood': -2.713377708707526, 'labels': ['O3A_CBC_CATALOG'], 'extra_attributes': {'SingleInspiral': [{'psi0': 0.0, 'Gamma0': 9072030.0, 'alpha3': 0.0, 'alpha': 0.0, 'alpha1': 0.0, 'search': '', 'chisq_dof': 1, 'tau5': 0.0, 'chi': 0.0, 'mass1': 74.641754, 'bank_chisq': 10.492442, 'Gamma2': 0.0, 'spin1x': 0.0, 'beta': 0.0, 'spin2z': 0.10670676, 'Gamma8': 0.0, 'bank_chisq_dof': 0, 'alpha5': 0.0, 'impulse_time': 0, 'tau4': 0.0, 'Gamma1': 519.0, 'spin1y': 0.0, 'f_final': 416.56671, 'amplitude': 0.0, 'spin2y': 0.0, 'Gamma5': 0.0, 'cont_chisq_dof': 0, 'ifo': 'L1', 'channel': 'GDS-CALIB_STRAIN_CLEAN', 'spin1z': -0.20034325, 'Gamma9': 0.0, 'Gamma4': 0.0, 'mtotal': 86.455887, 'template_duration': 3.333571844608401, 'event_duration': 0.0, 'cont_chisq': 0.0, 'coa_phase': 2.8999636, 'psi3': 0.0, 'end_time_gmst': 44798.31075484688, 'eta': 0.11797624, 'alpha4': 0.0, 'Gamma6': 0.0, 'kappa': 0.0, 'tau0': 2.3707495, 'alpha6': 0.0, 'ttotal': 0.0, 'Gamma7': 0.0, 'tau3': 0.95653468, 'snr': 10.644473, 'spin2x': 0.0, 'tau2': 0.0, 'chisq': 1.0474333, 'end_time': 1245035079, 'impulse_time_ns': 0, 'mchirp': 23.98122, 'alpha2': 0.0, 'rsqveto_duration': 0.0, 'mass2': 11.814133, 'Gamma3': 0.0, 'end_time_ns': 311435266, 'sigmasq': 234982389.1797679}, {'psi0': 0.0, 'Gamma0': 9072030.0, 'alpha3': 0.0, 'alpha': 0.0, 'alpha1': 0.0, 'search': '', 'chisq_dof': 1, 'tau5': 0.0, 'chi': 0.0, 'mass1': 74.641754, 'bank_chisq': 10.492442, 'Gamma2': 0.0, 'spin1x': 0.0, 'beta': 0.0, 'spin2z': 0.10670676, 'Gamma8': 0.0, 'bank_chisq_dof': 0, 'alpha5': 0.0, 'impulse_time': 0, 'tau4': 0.0, 'Gamma1': 519.0, 'spin1y': 0.0, 'f_final': 416.56671, 'amplitude': 0.0, 'spin2y': 0.0, 'Gamma5': 0.0, 'cont_chisq_dof': 0, 'ifo': 'V1', 'channel': 'Hrec_hoft_16384Hz', 'spin1z': -0.20034325, 'Gamma9': 0.0, 'Gamma4': 0.0, 'mtotal': 86.455887, 'template_duration': 3.333571844608401, 'event_duration': 0.0, 'cont_chisq': 0.0, 'coa_phase': 0.17186688, 'psi3': 0.0, 'end_time_gmst': 44798.31075549422, 'eta': 0.11797624, 'alpha4': 0.0, 'Gamma6': 0.0, 'kappa': 0.0, 'tau0': 2.3707495, 'alpha6': 0.0, 'ttotal': 0.0, 'Gamma7': 0.0, 'tau3': 0.95653468, 'snr': 2.430644, 'spin2x': 0.0, 'tau2': 0.0, 'end_time': 1245035079, 'impulse_time_ns': 0, 'mchirp': 23.98122, 'alpha2': 0.0, 'rsqveto_duration': 0.0, 'mass2': 11.814133, 'Gamma3': 0.0, 'end_time_ns': 320312500, 'sigmasq': 234982389.1797679}]}, 'superevent': 'GW190620A', 'links': {'neighbors': 'https://catalog-dev.ligo.org/api/events/G6986/neighbors/', 'log': 'https://catalog-dev.ligo.org/api/events/G6986/log/', 'emobservations': 'https://catalog-dev.ligo.org/api/events/G6986/emobservation/', 'files': 'https://catalog-dev.ligo.org/api/events/G6986/files/', 'labels': 'https://catalog-dev.ligo.org/api/events/G6986/labels/', 'self': 'https://catalog-dev.ligo.org/api/events/G6986', 'tags': 'https://catalog-dev.ligo.org/api/events/G6986/tag/'}}",6.318005223066306,,chad.hanna@LIGO.ORG,S190620a,1245035079.0,1245035084.0,1245035074.0,,-1.0,10.644473,GW190620_030421
Production,2020-08-26 19:12:11 UTC,[],,1.974329464620593e-09,"['G6937', 'G6936']",GW190527A,"H1,L1","{'H1': 5.5643635, 'L1': 6.904346}","['GDB_YES', 'PE_YES', 'DETCHAR_YES', 'NONE', 'CHUNK_7', 'O3A_CBC_CATALOG']","{'events': 'https://catalog-dev.ligo.org/api/superevents/GW190527A/events/', 'labels': 'https://catalog-dev.ligo.org/api/superevents/GW190527A/labels/', 'logs': 'https://catalog-dev.ligo.org/api/superevents/GW190527A/logs/', 'files': 'https://catalog-dev.ligo.org/api/superevents/GW190527A/files/', 'self': 'https://catalog-dev.ligo.org/api/superevents/GW190527A/', 'voevents': 'https://catalog-dev.ligo.org/api/superevents/GW190527A/voevents/', 'emobservations': 'https://catalog-dev.ligo.org/api/superevents/GW190527A/emobservations/'}",52.002979,27.973516,G6936,"{'submitter': 'chad.hanna@LIGO.ORG', 'created': '2020-08-26 19:07:35 UTC', 'group': 'CBC', 'graceid': 'G6936', 'pipeline': 'gstlal', 'gpstime': 1242984073.790066, 'instruments': 'H1,L1', 'nevents': 2, 'offline': False, 'search': 'AllSky', 'far': 1.974329464620593e-09, 'far_is_upper_limit': False, 'likelihood': -5.541843881365691, 'labels': ['O3A_CBC_CATALOG'], 'extra_attributes': {'SingleInspiral': [{'psi0': 0.0, 'Gamma0': 9080213.0, 'alpha3': 0.0, 'alpha': 0.0, 'alpha1': 0.0, 'search': '', 'chisq_dof': 1, 'tau5': 0.0, 'chi': 0.0, 'mass1': 52.002979, 'bank_chisq': 5.5643635, 'Gamma2': 0.0, 'spin1x': 0.0, 'beta': 0.0, 'spin2z': 0.32933086, 'Gamma8': 0.0, 'bank_chisq_dof': 0, 'alpha5': 0.0, 'impulse_time': 0, 'tau4': 0.0, 'Gamma1': 525.0, 'spin1y': 0.0, 'f_final': 466.78439, 'amplitude': 0.0, 'spin2y': 0.0, 'Gamma5': 0.0, 'cont_chisq_dof': 0, 'ifo': 'H1', 'channel': 'DCS-CALIB_STRAIN_CLEAN_C01', 'spin1z': -0.025977064, 'Gamma9': 0.0, 'Gamma4': 0.0, 'mtotal': 79.976494, 'template_duration': 2.085279880579757, 'event_duration': 0.0, 'cont_chisq': 0.0, 'coa_phase': -1.3311546, 'psi3': 0.0, 'end_time_gmst': 44648.74905653868, 'eta': 0.22743146, 'alpha4': 0.0, 'Gamma6': 0.0, 'kappa': 0.0, 'tau0': 1.4002856, 'alpha6': 0.0, 'ttotal': 0.0, 'Gamma7': 0.0, 'tau3': 0.52263623, 'snr': 5.5643635, 'spin2x': 0.0, 'tau2': 0.0, 'chisq': 0.90740639, 'end_time': 1242984073, 'impulse_time_ns': 0, 'mchirp': 32.890667, 'alpha2': 0.0, 'rsqveto_duration': 0.0, 'mass2': 27.973516, 'Gamma3': 0.0, 'end_time_ns': 797066756, 'sigmasq': 571126390.1454518}, {'psi0': 0.0, 'Gamma0': 9080213.0, 'alpha3': 0.0, 'alpha': 0.0, 'alpha1': 0.0, 'search': '', 'chisq_dof': 1, 'tau5': 0.0, 'chi': 0.0, 'mass1': 52.002979, 'bank_chisq': 6.904346, 'Gamma2': 0.0, 'spin1x': 0.0, 'beta': 0.0, 'spin2z': 0.32933086, 'Gamma8': 0.0, 'bank_chisq_dof': 0, 'alpha5': 0.0, 'impulse_time': 0, 'tau4': 0.0, 'Gamma1': 525.0, 'spin1y': 0.0, 'f_final': 466.78439, 'amplitude': 0.0, 'spin2y': 0.0, 'Gamma5': 0.0, 'cont_chisq_dof': 0, 'ifo': 'L1', 'channel': 'DCS-CALIB_STRAIN_CLEAN_C01', 'spin1z': -0.025977064, 'Gamma9': 0.0, 'Gamma4': 0.0, 'mtotal': 79.976494, 'template_duration': 2.085279880579757, 'event_duration': 0.0, 'cont_chisq': 0.0, 'coa_phase': 2.0619545, 'psi3': 0.0, 'end_time_gmst': 44648.74905602819, 'eta': 0.22743146, 'alpha4': 0.0, 'Gamma6': 0.0, 'kappa': 0.0, 'tau0': 1.4002856, 'alpha6': 0.0, 'ttotal': 0.0, 'Gamma7': 0.0, 'tau3': 0.52263623, 'snr': 6.904346, 'spin2x': 0.0, 'tau2': 0.0, 'chisq': 0.77480555, 'end_time': 1242984073, 'impulse_time_ns': 0, 'mchirp': 32.890667, 'alpha2': 0.0, 'rsqveto_duration': 0.0, 'mass2': 27.973516, 'Gamma3': 0.0, 'end_time_ns': 790066279, 'sigmasq': 940764569.7690043}]}, 'superevent': 'GW190527A', 'links': {'neighbors': 'https://catalog-dev.ligo.org/api/events/G6936/neighbors/', 'log': 'https://catalog-dev.ligo.org/api/events/G6936/log/', 'emobservations': 'https://catalog-dev.ligo.org/api/events/G6936/emobservation/', 'files': 'https://catalog-dev.ligo.org/api/events/G6936/files/', 'labels': 'https://catalog-dev.ligo.org/api/events/G6936/labels/', 'self': 'https://catalog-dev.ligo.org/api/events/G6936', 'tags': 'https://catalog-dev.ligo.org/api/events/G6936/tag/'}}",1.859007605622404,,chad.hanna@LIGO.ORG,S190527a,1242984073.0,1242984078.0,1242984068.0,,5.5643635,6.904346,GW190527_092055
Production,2020-08-26 19:12:01 UTC,[],,1.669903866073266e-08,['G6965'],GW190514A,"H1,L1","{'H1': 6.012229, 'L1': 5.7286749}","['GDB_YES', 'PE_YES', 'DETCHAR_YES', 'NONE', 'CHUNK_6', 'O3A_CBC_CATALOG']","{'events': 'https://catalog-dev.ligo.org/api/superevents/GW190514A/events/', 'labels': 'https://catalog-dev.ligo.org/api/superevents/GW190514A/labels/', 'logs': 'https://catalog-dev.ligo.org/api/superevents/GW190514A/logs/', 'files': 'https://catalog-dev.ligo.org/api/superevents/GW190514A/files/', 'self': 'https://catalog-dev.ligo.org/api/superevents/GW190514A/', 'voevents': 'https://catalog-dev.ligo.org/api/superevents/GW190514A/voevents/', 'emobservations': 'https://catalog-dev.ligo.org/api/superevents/GW190514A/emobservations/'}",74.59433,31.291079,G6965,"{'submitter': 'chad.hanna@LIGO.ORG', 'created': '2020-08-26 19:08:28 UTC', 'group': 'CBC', 'graceid': 'G6965', 'pipeline': 'pycbc', 'gpstime': 1241852074.84668, 'instruments': 'H1,L1', 'nevents': 2, 'offline': False, 'search': 'HighMass', 'far': 1.669903866073266e-08, 'far_is_upper_limit': False, 'likelihood': 15.2433557510376, 'labels': ['O3A_CBC_CATALOG'], 'extra_attributes': {'SingleInspiral': [{'psi0': 0.0, 'Gamma0': 0.0, 'alpha3': 0.0, 'alpha': 0.0, 'alpha1': 0.0, 'search': '', 'chisq_dof': 17, 'tau5': 0.0, 'chi': 0.0, 'mass1': 74.59433, 'bank_chisq': 0.0, 'Gamma2': 0.0, 'spin1x': 0.0, 'beta': 0.0, 'spin2z': -0.32082778, 'Gamma8': 0.0, 'bank_chisq_dof': 0, 'alpha5': 0.0, 'impulse_time': 0, 'tau4': 0.0, 'Gamma1': 0.0, 'spin1y': 0.0, 'f_final': 0.0, 'amplitude': 0.0, 'spin2y': 0.0, 'Gamma5': 0.0, 'cont_chisq_dof': 0, 'ifo': 'H1', 'channel': '', 'spin1z': -0.32082778, 'Gamma9': 0.0, 'Gamma4': 0.0, 'mtotal': 105.88541, 'template_duration': 0.1534016281366348, 'eff_distance': 4142.7533, 'event_duration': 0.0, 'cont_chisq': 0.0, 'coa_phase': 1.7069467, 'psi3': 0.0, 'end_time_gmst': 0.0, 'eta': 0.20818725, 'alpha4': 0.0, 'Gamma6': 0.0, 'kappa': 0.0, 'tau0': 0.0, 'alpha6': 0.0, 'ttotal': 0.0, 'Gamma7': 0.0, 'tau3': 0.0, 'snr': 6.012229, 'spin2x': 0.0, 'tau2': 0.0, 'chisq': 25.105654, 'end_time': 1241852074, 'impulse_time_ns': 0, 'mchirp': 41.296056, 'alpha2': 0.0, 'rsqveto_duration': 0.0, 'mass2': 31.291079, 'Gamma3': 0.0, 'end_time_ns': 846679688, 'sigmasq': 620367680.0}, {'psi0': 0.0, 'Gamma0': 0.0, 'alpha3': 0.0, 'alpha': 0.0, 'alpha1': 0.0, 'search': '', 'chisq_dof': 17, 'tau5': 0.0, 'chi': 0.0, 'mass1': 74.59433, 'bank_chisq': 0.0, 'Gamma2': 0.0, 'spin1x': 0.0, 'beta': 0.0, 'spin2z': -0.32082778, 'Gamma8': 0.0, 'bank_chisq_dof': 0, 'alpha5': 0.0, 'impulse_time': 0, 'tau4': 0.0, 'Gamma1': 0.0, 'spin1y': 0.0, 'f_final': 0.0, 'amplitude': 0.0, 'spin2y': 0.0, 'Gamma5': 0.0, 'cont_chisq_dof': 0, 'ifo': 'L1', 'channel': '', 'spin1z': -0.32082778, 'Gamma9': 0.0, 'Gamma4': 0.0, 'mtotal': 105.88541, 'template_duration': 0.1534016281366348, 'eff_distance': 5283.7632, 'event_duration': 0.0, 'cont_chisq': 0.0, 'coa_phase': -1.5735776, 'psi3': 0.0, 'end_time_gmst': 0.0, 'eta': 0.20818725, 'alpha4': 0.0, 'Gamma6': 0.0, 'kappa': 0.0, 'tau0': 0.0, 'alpha6': 0.0, 'ttotal': 0.0, 'Gamma7': 0.0, 'tau3': 0.0, 'snr': 5.7286749, 'spin2x': 0.0, 'tau2': 0.0, 'chisq': 35.829861, 'end_time': 1241852074, 'impulse_time_ns': 0, 'mchirp': 41.296056, 'alpha2': 0.0, 'rsqveto_duration': 0.0, 'mass2': 31.291079, 'Gamma3': 0.0, 'end_time_ns': 849609375, 'sigmasq': 916210048.0}]}, 'superevent': 'GW190514A', 'links': {'neighbors': 'https://catalog-dev.ligo.org/api/events/G6965/neighbors/', 'log': 'https://catalog-dev.ligo.org/api/events/G6965/log/', 'emobservations': 'https://catalog-dev.ligo.org/api/events/G6965/emobservation/', 'files': 'https://catalog-dev.ligo.org/api/events/G6965/files/', 'labels': 'https://catalog-dev.ligo.org/api/events/G6965/labels/', 'self': 'https://catalog-dev.ligo.org/api/events/G6965', 'tags': 'https://catalog-dev.ligo.org/api/events/G6965/tag/'}}",2.3838848765809577,,chad.hanna@LIGO.ORG,S190514a,1241852074.0,1241852079.0,1241852069.0,,6.012229,5.7286749,GW190514_065416
Production,2020-08-26 19:11:49 UTC,[],,2.480299601113017e-08,['G6991'],GW190424A,L1,{'L1': 10.038944},"['GDB_YES', 'PE_YES', 'DETCHAR_YES', 'PRELIM', 'CHUNK_3', 'O3A_CBC_CATALOG']","{'events': 'https://catalog-dev.ligo.org/api/superevents/GW190424A/events/', 'labels': 'https://catalog-dev.ligo.org/api/superevents/GW190424A/labels/', 'logs': 'https://catalog-dev.ligo.org/api/superevents/GW190424A/logs/', 'files': 'https://catalog-dev.ligo.org/api/superevents/GW190424A/files/', 'self': 'https://catalog-dev.ligo.org/api/superevents/GW190424A/', 'voevents': 'https://catalog-dev.ligo.org/api/superevents/GW190424A/voevents/', 'emobservations': 'https://catalog-dev.ligo.org/api/superevents/GW190424A/emobservations/'}",66.522522,28.144754,G6991,"{'submitter': 'chad.hanna@LIGO.ORG', 'created': '2020-08-26 19:09:15 UTC', 'group': 'CBC', 'graceid': 'G6991', 'pipeline': 'gstlal', 'gpstime': 1240164426.141708, 'instruments': 'L1', 'nevents': 1, 'offline': False, 'search': 'AllSky', 'far': 2.480299601113017e-08, 'far_is_upper_limit': False, 'likelihood': -7.895692854432969, 'labels': ['O3A_CBC_CATALOG'], 'extra_attributes': {'SingleInspiral': [{'psi0': 0.0, 'Gamma0': 9080657.0, 'alpha3': 0.0, 'alpha': 0.0, 'alpha1': 0.0, 'search': '', 'chisq_dof': 1, 'tau5': 0.0, 'chi': 0.0, 'mass1': 66.522522, 'bank_chisq': 9.6573582, 'Gamma2': 0.0, 'spin1x': 0.0, 'beta': 0.0, 'spin2z': -0.5365628, 'Gamma8': 0.0, 'bank_chisq_dof': 0, 'alpha5': 0.0, 'impulse_time': 0, 'tau4': 0.0, 'Gamma1': 523.0, 'spin1y': 0.0, 'f_final': 420.08484, 'amplitude': 0.0, 'spin2y': 0.0, 'Gamma5': 0.0, 'cont_chisq_dof': 0, 'ifo': 'L1', 'channel': 'DCS-CALIB_STRAIN_CLEAN_C01', 'spin1z': 0.20102797, 'Gamma9': 0.0, 'Gamma4': 0.0, 'mtotal': 94.667274, 'template_duration': 1.902536003612024, 'event_duration': 0.0, 'cont_chisq': 0.0, 'coa_phase': 1.3169788, 'psi3': 0.0, 'end_time_gmst': 44443.13708279667, 'eta': 0.20891345, 'alpha4': 0.0, 'Gamma6': 0.0, 'kappa': 0.0, 'tau0': 1.1509017, 'alpha6': 0.0, 'ttotal': 0.0, 'Gamma7': 0.0, 'tau3': 0.50846219, 'snr': 10.038944, 'spin2x': 0.0, 'tau2': 0.0, 'chisq': 1.1259947, 'end_time': 1240164426, 'impulse_time_ns': 0, 'mchirp': 36.998127, 'alpha2': 0.0, 'rsqveto_duration': 0.0, 'mass2': 28.144754, 'Gamma3': 0.0, 'end_time_ns': 141707693, 'sigmasq': 1031756406.768819}]}, 'superevent': 'GW190424A', 'links': {'neighbors': 'https://catalog-dev.ligo.org/api/events/G6991/neighbors/', 'log': 'https://catalog-dev.ligo.org/api/events/G6991/log/', 'emobservations': 'https://catalog-dev.ligo.org/api/events/G6991/emobservation/', 'files': 'https://catalog-dev.ligo.org/api/events/G6991/files/', 'labels': 'https://catalog-dev.ligo.org/api/events/G6991/labels/', 'self': 'https://catalog-dev.ligo.org/api/events/G6991', 'tags': 'https://catalog-dev.ligo.org/api/events/G6991/tag/'}}",2.363585128510983,,chad.hanna@LIGO.ORG,S190424a,1240164426.0,1240164431.0,1240164421.0,,-1.0,10.038944,GW190424_180648
Production,2020-08-26 19:11:45 UTC,[],,1.384188962560529e-09,"['G6935', 'G6934', 'G6933']",GW190413B,"H1,L1","{'H1': 5.2657475, 'L1': 7.3365741}","['GDB_YES', 'PE_YES', 'DETCHAR_YES', 'PRELIM', 'CHUNK_2', 'O3A_CBC_CATALOG']","{'events': 'https://catalog-dev.ligo.org/api/superevents/GW190413B/events/', 'labels': 'https://catalog-dev.ligo.org/api/superevents/GW190413B/labels/', 'logs': 'https://catalog-dev.ligo.org/api/superevents/GW190413B/logs/', 'files': 'https://catalog-dev.ligo.org/api/superevents/GW190413B/files/', 'self': 'https://catalog-dev.ligo.org/api/superevents/GW190413B/', 'voevents': 'https://catalog-dev.ligo.org/api/superevents/GW190413B/voevents/', 'emobservations': 'https://catalog-dev.ligo.org/api/superevents/GW190413B/emobservations/'}",68.746605,43.746731,G6935,"{'submitter': 'chad.hanna@LIGO.ORG', 'created': '2020-08-26 19:07:33 UTC', 'group': 'CBC', 'graceid': 'G6935', 'pipeline': 'pycbc', 'gpstime': 1239198206.741211, 'instruments': 'H1,L1', 'nevents': 2, 'offline': False, 'search': 'HighMass', 'far': 1.384188962560529e-09, 'far_is_upper_limit': False, 'likelihood': 16.91923713684082, 'labels': ['O3A_CBC_CATALOG'], 'extra_attributes': {'SingleInspiral': [{'psi0': 0.0, 'Gamma0': 0.0, 'alpha3': 0.0, 'alpha': 0.0, 'alpha1': 0.0, 'search': '', 'chisq_dof': 19, 'tau5': 0.0, 'chi': 0.0, 'mass1': 68.746605, 'bank_chisq': 0.0, 'Gamma2': 0.0, 'spin1x': 0.0, 'beta': 0.0, 'spin2z': 0.25453323, 'Gamma8': 0.0, 'bank_chisq_dof': 0, 'alpha5': 0.0, 'impulse_time': 0, 'tau4': 0.0, 'Gamma1': 0.0, 'spin1y': 0.0, 'f_final': 0.0, 'amplitude': 0.0, 'spin2y': 0.0, 'Gamma5': 0.0, 'cont_chisq_dof': 0, 'ifo': 'H1', 'channel': '', 'spin1z': 0.25453323, 'Gamma9': 0.0, 'Gamma4': 0.0, 'mtotal': 112.49333, 'template_duration': 0.1861699223518372, 'eff_distance': 6376.1254, 'event_duration': 0.0, 'cont_chisq': 0.0, 'coa_phase': -0.52451801, 'psi3': 0.0, 'end_time_gmst': 0.0, 'eta': 0.237653, 'alpha4': 0.0, 'Gamma6': 0.0, 'kappa': 0.0, 'tau0': 0.0, 'alpha6': 0.0, 'ttotal': 0.0, 'Gamma7': 0.0, 'tau3': 0.0, 'snr': 5.2657475, 'spin2x': 0.0, 'tau2': 0.0, 'chisq': 26.449938, 'end_time': 1239198206, 'impulse_time_ns': 0, 'mchirp': 47.499907, 'alpha2': 0.0, 'rsqveto_duration': 0.0, 'mass2': 43.746731, 'Gamma3': 0.0, 'end_time_ns': 741210938, 'sigmasq': 1127285120.0}, {'psi0': 0.0, 'Gamma0': 0.0, 'alpha3': 0.0, 'alpha': 0.0, 'alpha1': 0.0, 'search': '', 'chisq_dof': 19, 'tau5': 0.0, 'chi': 0.0, 'mass1': 68.746605, 'bank_chisq': 0.0, 'Gamma2': 0.0, 'spin1x': 0.0, 'beta': 0.0, 'spin2z': 0.25453323, 'Gamma8': 0.0, 'bank_chisq_dof': 0, 'alpha5': 0.0, 'impulse_time': 0, 'tau4': 0.0, 'Gamma1': 0.0, 'spin1y': 0.0, 'f_final': 0.0, 'amplitude': 0.0, 'spin2y': 0.0, 'Gamma5': 0.0, 'cont_chisq_dof': 0, 'ifo': 'L1', 'channel': '', 'spin1z': 0.25453323, 'Gamma9': 0.0, 'Gamma4': 0.0, 'mtotal': 112.49333, 'template_duration': 0.1861699223518372, 'eff_distance': 5930.3102, 'event_duration': 0.0, 'cont_chisq': 0.0, 'coa_phase': 2.2287819, 'psi3': 0.0, 'end_time_gmst': 0.0, 'eta': 0.237653, 'alpha4': 0.0, 'Gamma6': 0.0, 'kappa': 0.0, 'tau0': 0.0, 'alpha6': 0.0, 'ttotal': 0.0, 'Gamma7': 0.0, 'tau3': 0.0, 'snr': 7.3365741, 'spin2x': 0.0, 'tau2': 0.0, 'chisq': 43.685844, 'end_time': 1239198206, 'impulse_time_ns': 0, 'mchirp': 47.499907, 'alpha2': 0.0, 'rsqveto_duration': 0.0, 'mass2': 43.746731, 'Gamma3': 0.0, 'end_time_ns': 744628906, 'sigmasq': 1892960000.0}]}, 'superevent': 'GW190413B', 'links': {'neighbors': 'https://catalog-dev.ligo.org/api/events/G6935/neighbors/', 'log': 'https://catalog-dev.ligo.org/api/events/G6935/log/', 'emobservations': 'https://catalog-dev.ligo.org/api/events/G6935/emobservation/', 'files': 'https://catalog-dev.ligo.org/api/events/G6935/files/', 'labels': 'https://catalog-dev.ligo.org/api/events/G6935/labels/', 'self': 'https://catalog-dev.ligo.org/api/events/G6935', 'tags': 'https://catalog-dev.ligo.org/api/events/G6935/tag/'}}",1.571468391546788,,chad.hanna@LIGO.ORG,S190413b,1239198206.0,1239198211.0,1239198201.0,,5.2657475,7.3365741,GW190413_134308
Production,2020-08-26 19:11:42 UTC,[],,2.272773197115661e-09,['G6972'],GW190413A,"H1,L1","{'H1': 5.3944163, 'L1': 6.6404123}","['GDB_YES', 'PE_YES', 'DETCHAR_YES', 'PRELIM', 'CHUNK_2', 'O3A_CBC_CATALOG']","{'events': 'https://catalog-dev.ligo.org/api/superevents/GW190413A/events/', 'labels': 'https://catalog-dev.ligo.org/api/superevents/GW190413A/labels/', 'logs': 'https://catalog-dev.ligo.org/api/superevents/GW190413A/logs/', 'files': 'https://catalog-dev.ligo.org/api/superevents/GW190413A/files/', 'self': 'https://catalog-dev.ligo.org/api/superevents/GW190413A/', 'voevents': 'https://catalog-dev.ligo.org/api/superevents/GW190413A/voevents/', 'emobservations': 'https://catalog-dev.ligo.org/api/superevents/GW190413A/emobservations/'}",51.465607,41.442642,G6972,"{'submitter': 'chad.hanna@LIGO.ORG', 'created': '2020-08-26 19:08:41 UTC', 'group': 'CBC', 'graceid': 'G6972', 'pipeline': 'pycbc', 'gpstime': 1239168612.503418, 'instruments': 'H1,L1', 'nevents': 2, 'offline': False, 'search': 'HighMass', 'far': 2.272773197115661e-09, 'far_is_upper_limit': False, 'likelihood': 16.46871566772461, 'labels': ['O3A_CBC_CATALOG'], 'extra_attributes': {'SingleInspiral': [{'psi0': 0.0, 'Gamma0': 0.0, 'alpha3': 0.0, 'alpha': 0.0, 'alpha1': 0.0, 'search': '', 'chisq_dof': 21, 'tau5': 0.0, 'chi': 0.0, 'mass1': 51.465607, 'bank_chisq': 0.0, 'Gamma2': 0.0, 'spin1x': 0.0, 'beta': 0.0, 'spin2z': 0.1589026, 'Gamma8': 0.0, 'bank_chisq_dof': 0, 'alpha5': 0.0, 'impulse_time': 0, 'tau4': 0.0, 'Gamma1': 0.0, 'spin1y': 0.0, 'f_final': 0.0, 'amplitude': 0.0, 'spin2y': 0.0, 'Gamma5': 0.0, 'cont_chisq_dof': 0, 'ifo': 'H1', 'channel': '', 'spin1z': 0.1589026, 'Gamma9': 0.0, 'Gamma4': 0.0, 'mtotal': 92.908249, 'template_duration': 0.237915426492691, 'eff_distance': 5376.8402, 'event_duration': 0.0, 'cont_chisq': 0.0, 'coa_phase': 2.8214474, 'psi3': 0.0, 'end_time_gmst': 0.0, 'eta': 0.24709045, 'alpha4': 0.0, 'Gamma6': 0.0, 'kappa': 0.0, 'tau0': 0.0, 'alpha6': 0.0, 'ttotal': 0.0, 'Gamma7': 0.0, 'tau3': 0.0, 'snr': 5.3944163, 'spin2x': 0.0, 'tau2': 0.0, 'chisq': 43.198696, 'end_time': 1239168612, 'impulse_time_ns': 0, 'mchirp': 40.157609, 'alpha2': 0.0, 'rsqveto_duration': 0.0, 'mass2': 41.442642, 'Gamma3': 0.0, 'end_time_ns': 503417969, 'sigmasq': 841285056.0}, {'psi0': 0.0, 'Gamma0': 0.0, 'alpha3': 0.0, 'alpha': 0.0, 'alpha1': 0.0, 'search': '', 'chisq_dof': 21, 'tau5': 0.0, 'chi': 0.0, 'mass1': 51.465607, 'bank_chisq': 0.0, 'Gamma2': 0.0, 'spin1x': 0.0, 'beta': 0.0, 'spin2z': 0.1589026, 'Gamma8': 0.0, 'bank_chisq_dof': 0, 'alpha5': 0.0, 'impulse_time': 0, 'tau4': 0.0, 'Gamma1': 0.0, 'spin1y': 0.0, 'f_final': 0.0, 'amplitude': 0.0, 'spin2y': 0.0, 'Gamma5': 0.0, 'cont_chisq_dof': 0, 'ifo': 'L1', 'channel': '', 'spin1z': 0.1589026, 'Gamma9': 0.0, 'Gamma4': 0.0, 'mtotal': 92.908249, 'template_duration': 0.237915426492691, 'eff_distance': 5686.5705, 'event_duration': 0.0, 'cont_chisq': 0.0, 'coa_phase': -0.94864273, 'psi3': 0.0, 'end_time_gmst': 0.0, 'eta': 0.24709045, 'alpha4': 0.0, 'Gamma6': 0.0, 'kappa': 0.0, 'tau0': 0.0, 'alpha6': 0.0, 'ttotal': 0.0, 'Gamma7': 0.0, 'tau3': 0.0, 'snr': 6.6404123, 'spin2x': 0.0, 'tau2': 0.0, 'chisq': 36.216282, 'end_time': 1239168612, 'impulse_time_ns': 0, 'mchirp': 40.157609, 'alpha2': 0.0, 'rsqveto_duration': 0.0, 'mass2': 41.442642, 'Gamma3': 0.0, 'end_time_ns': 506347656, 'sigmasq': 1425906176.0}]}, 'superevent': 'GW190413A', 'links': {'neighbors': 'https://catalog-dev.ligo.org/api/events/G6972/neighbors/', 'log': 'https://catalog-dev.ligo.org/api/events/G6972/log/', 'emobservations': 'https://catalog-dev.ligo.org/api/events/G6972/emobservation/', 'files': 'https://catalog-dev.ligo.org/api/events/G6972/files/', 'labels': 'https://catalog-dev.ligo.org/api/events/G6972/labels/', 'self': 'https://catalog-dev.ligo.org/api/events/G6972', 'tags': 'https://catalog-dev.ligo.org/api/events/G6972/tag/'}}",1.2418514968230066,,chad.hanna@LIGO.ORG,S190413a,1239168612.0,1239168617.0,1239168607.0,,5.3944163,6.6404123,GW190413_052954
